{"cameraMode":{"drawMode":0,"name":"Shaded","section":"Shading Mode"},"sceneLighting":false,"audioPlay":false,"sceneViewState":{"m_AlwaysRefresh":false,"showFog":false,"showSkybox":false,"showFlares":false,"showImageEffects":false,"showParticleSystems":false,"showVisualEffectGraphs":true,"m_FxEnabled":true},"in2DMode":false,"pivot":{"x":0.09444333612918854,"y":0.22158852219581605,"z":-0.06430694460868836},"rotation":{"x":0.0019249862525612116,"y":-0.9968854188919067,"z":-0.025415834039449693,"w":-0.07487013190984726},"size":0.26050877571105959,"orthographic":false}